Resume_ID,Similarity_Score,Match_Percentage
9,0.3795321,37.95
4,0.35065806,35.07
1,0.34868276,34.87
5,0.3364448,33.64
8,0.32905477,32.91
7,0.32807285,32.81
3,0.31596616,31.6
2,0.30842978,30.84
10,0.30051467,30.05
6,0.27893358,27.89
